1,Username,ISBN
2,kcrecyb,428924807-1
3,jkornelq,401555933-9
4,mjanczakj,619650193-3
5,fkirkham8,108990522-X
6,vvanhaeften0,287277935-3
7,rbeadnell7,789683832-X
8,dbuye11,371912725-7
9,aissacoff1a,827914096-4
10,nspenderi,428924807-1
11,rdigiacomettinow,316800795-1
12,tcawsy19,241533664-5
13,tcawsy19,426497927-7
14,tcawsy19,241533664-5
15,tcawsy19,401555933-9
16,mrubertis1,874875818-3
17,darnaldox,488998966-8
18,cascrafts,253762209-X
19,bthringk,613811209-1
20,sbegleyd,997856661-9
21,lyallop1d,207719527-4
22,biacobassi1c,722056939-4
23,seddins1b,488998966-8
24,vgainsborough14,619650193-3
25,cchippin18,818503557-1
26,csmidmore6,613811209-1
27,jletterese3,108990522-X
28,jbilletty,287277935-3
29,adenslowv,204614694-8
30,zsorrop,287277935-3
31,gantonucciu,349675773-6
