C_card_number,CVV,Exp_day,Exp_month,Exp_year,Fname,Lname,Mname
283254867154627885401013,511,1,5,1991,Jeanine,Dominelli,Denise
037865141004622103885787,096,8,8,2007,Sande,Gilliver,Rheta
274810183788040634961503,079,3,11,1996,Theresina,Jacobsohn,Nona
629942128190074942656495,991,10,6,2012,Pietro,Brideoke,Eden
250391004782323320009863,509,5,9,2001,Kissiah,Fogarty,Jasper
315966185354114347775496,662,12,12,2017,Paige,Blatchford,Storm
163414490924010668573717,517,7,7,2006,Ashton,Carlton,Talbert
002424675257914357983840,645,2,10,1995,Mill,Betancourt,Casey
045054575017558208809307,699,9,5,2011,Bibbye,O'Scollain,Dorella
184286245848117094416702,457,4,8,2000,Jacqui,Kopmann,Jodi
327334255914430627949941,123,11,11,2016,Brucie,Sheilds,Ailsun
234749221961341817219313,943,6,6,2005,Helaina,Bentke,Arron
826587365798755073297328,544,1,9,1994,Robbie,Lenney,Annabell
594734663287258376745677,069,8,12,2010,Annabell,Dannell,Gregorius
027933483001400308763201,607,3,7,1999,Gun,Brunner,Tracie
593149901748953218209718,401,10,10,2015,Manfred,Puttnam,Milli
005928181671356653629292,875,5,5,2004,Nikkie,Feacham,Ida
823512461681140095749794,804,12,8,1993,Lena,Shattock,Morena
025082148811081508019024,051,7,11,2009,Gwenneth,Paffitt,Rudd
182085572371322715990452,229,2,6,1998,Bobby,McEntegart,Aharon
987594835928434299897672,692,9,9,2014,Lin,Adamolli,Elissa
050428074617054960793019,616,4,12,2003,Barbe,Jeste,Shay
076424898454906802906652,721,11,7,1992,Duffy,Purple,Kylynn
996160993521956459159902,007,6,10,2008,Ulysses,Martineau,Calli
024577515559931193391944,199,1,5,1997,Ottilie,Hindrich,Ynez
338025857588647806595102,693,8,8,2013,Obediah,Tattoo,Nesta
774718072088867849771215,864,3,11,2002,Sela,Lauritzen,Jacquenetta
600077337699994645935996,624,10,6,1991,Dolf,Dagworthy,Fayette
697329351004449875801249,060,5,9,2007,Kendricks,Nitti,Donnie
279325716068660115292536,247,12,12,1996,Anthony,Tinghill,Nealy
